{"cameraMode":{"drawMode":0,"name":"Shaded","section":"Shading Mode"},"sceneLighting":false,"audioPlay":false,"sceneViewState":{"m_AlwaysRefresh":false,"showFog":true,"showSkybox":true,"showFlares":true,"showImageEffects":true,"showParticleSystems":true,"showVisualEffectGraphs":true,"m_FxEnabled":true},"in2DMode":false,"pivot":{"x":-0.34863221645355227,"y":3.9641671180725099,"z":1.8545913696289063},"rotation":{"x":-0.005819971207529306,"y":-0.9816740155220032,"z":0.1880926638841629,"w":-0.030334744602441789},"size":2.1794536113739015,"orthographic":false}